nickname,ra,dec,z_frb,survey,engine,in_footprint,queried,raw_count,with_z_count,foreground_count,status
Zach,20h40m47.886s,+72d52m56.378s,0.043,NED,NedTapEngine,True,True,24,13,0,catalog_hits
Zach,20h40m47.886s,+72d52m56.378s,0.043,GLADE+,VizierEngine(GLADE+),True,True,293,247,0,catalog_hits
Zach,20h40m47.886s,+72d52m56.378s,0.043,DESI_DR8_NORTH,VizierEngine(DESI_DR8_NORTH),False,True,0,0,0,no_footprint
Zach,20h40m47.886s,+72d52m56.378s,0.043,SDSS_DR12,VizierEngine(SDSS_DR12),False,True,22948,0,0,catalog_hits
Zach,20h40m47.886s,+72d52m56.378s,0.043,CLUSTERS,ClusterEngine,True,True,0,0,0,footprint_empty
Whitney,08h58m52.92s,+73d29m27.0s,0.479,NED,NedTapEngine,True,True,50,26,4,foreground
Whitney,08h58m52.92s,+73d29m27.0s,0.479,GLADE+,VizierEngine(GLADE+),True,True,8634,8507,0,catalog_hits
Whitney,08h58m52.92s,+73d29m27.0s,0.479,DESI_DR8_NORTH,VizierEngine(DESI_DR8_NORTH),True,True,666411,666411,1,foreground
Whitney,08h58m52.92s,+73d29m27.0s,0.479,SDSS_DR12,VizierEngine(SDSS_DR12),False,True,0,0,0,no_footprint
Whitney,08h58m52.92s,+73d29m27.0s,0.479,CLUSTERS,ClusterEngine,True,True,2,2,0,catalog_hits
Oran,21h12m10.760s,+72d49m38.20s,0.3005,NED,NedTapEngine,True,True,23,19,0,catalog_hits
Oran,21h12m10.760s,+72d49m38.20s,0.3005,GLADE+,VizierEngine(GLADE+),True,True,240,215,0,catalog_hits
Oran,21h12m10.760s,+72d49m38.20s,0.3005,DESI_DR8_NORTH,VizierEngine(DESI_DR8_NORTH),False,True,0,0,0,no_footprint
Oran,21h12m10.760s,+72d49m38.20s,0.3005,SDSS_DR12,VizierEngine(SDSS_DR12),False,True,231136,0,0,catalog_hits
Oran,21h12m10.760s,+72d49m38.20s,0.3005,CLUSTERS,ClusterEngine,True,True,0,0,0,footprint_empty
Isha,04h45m38.64s,+70d18m26.6s,0.2505,NED,NedTapEngine,True,True,24,15,0,catalog_hits
Isha,04h45m38.64s,+70d18m26.6s,0.2505,GLADE+,VizierEngine(GLADE+),True,True,6510,6447,2,foreground
Isha,04h45m38.64s,+70d18m26.6s,0.2505,DESI_DR8_NORTH,VizierEngine(DESI_DR8_NORTH),False,True,0,0,0,no_footprint
Isha,04h45m38.64s,+70d18m26.6s,0.2505,SDSS_DR12,VizierEngine(SDSS_DR12),False,True,0,0,0,no_footprint
Isha,04h45m38.64s,+70d18m26.6s,0.2505,CLUSTERS,ClusterEngine,True,True,0,0,0,footprint_empty
Wilhelm,21h00m31.09s,+72d02m15.22s,0.51,NED,NedTapEngine,True,True,25,18,0,catalog_hits
Wilhelm,21h00m31.09s,+72d02m15.22s,0.51,GLADE+,VizierEngine(GLADE+),True,True,266,229,0,catalog_hits
Wilhelm,21h00m31.09s,+72d02m15.22s,0.51,DESI_DR8_NORTH,VizierEngine(DESI_DR8_NORTH),False,True,0,0,0,no_footprint
Wilhelm,21h00m31.09s,+72d02m15.22s,0.51,SDSS_DR12,VizierEngine(SDSS_DR12),False,True,41348,0,0,catalog_hits
Wilhelm,21h00m31.09s,+72d02m15.22s,0.51,CLUSTERS,ClusterEngine,True,True,0,0,0,footprint_empty
Phineas,11h51m07.52s,+71d41m44.3s,0.271,NED,NedTapEngine,True,True,110,49,8,foreground
Phineas,11h51m07.52s,+71d41m44.3s,0.271,GLADE+,VizierEngine(GLADE+),True,True,9567,9394,1,foreground
Phineas,11h51m07.52s,+71d41m44.3s,0.271,DESI_DR8_NORTH,VizierEngine(DESI_DR8_NORTH),True,True,688078,688078,1,foreground
Phineas,11h51m07.52s,+71d41m44.3s,0.271,SDSS_DR12,VizierEngine(SDSS_DR12),True,True,220712,0,0,catalog_hits
Phineas,11h51m07.52s,+71d41m44.3s,0.271,CLUSTERS,ClusterEngine,True,True,7,7,0,catalog_hits
Freya,05h52m45.12s,+74d12m01.7s,1.0,NED,NedTapEngine,True,True,26,7,0,catalog_hits
Freya,05h52m45.12s,+74d12m01.7s,1.0,GLADE+,VizierEngine(GLADE+),True,True,8156,8002,0,catalog_hits
Freya,05h52m45.12s,+74d12m01.7s,1.0,DESI_DR8_NORTH,VizierEngine(DESI_DR8_NORTH),False,True,0,0,0,no_footprint
Freya,05h52m45.12s,+74d12m01.7s,1.0,SDSS_DR12,VizierEngine(SDSS_DR12),False,True,0,0,0,no_footprint
Freya,05h52m45.12s,+74d12m01.7s,1.0,CLUSTERS,ClusterEngine,True,True,0,0,0,footprint_empty
Hamilton,20h20m08.92s,+70d47m33.96s,0.3024,NED,NedTapEngine,True,True,29,22,0,catalog_hits
Hamilton,20h20m08.92s,+70d47m33.96s,0.3024,GLADE+,VizierEngine(GLADE+),True,True,473,409,0,catalog_hits
Hamilton,20h20m08.92s,+70d47m33.96s,0.3024,DESI_DR8_NORTH,VizierEngine(DESI_DR8_NORTH),False,True,0,0,0,no_footprint
Hamilton,20h20m08.92s,+70d47m33.96s,0.3024,SDSS_DR12,VizierEngine(SDSS_DR12),False,True,0,0,0,no_footprint
Hamilton,20h20m08.92s,+70d47m33.96s,0.3024,CLUSTERS,ClusterEngine,True,True,0,0,0,footprint_empty
Mahi,02h39m03.96s,+71d01m04.3s,1.0,NED,NedTapEngine,True,True,25,19,0,catalog_hits
Mahi,02h39m03.96s,+71d01m04.3s,1.0,GLADE+,VizierEngine(GLADE+),True,True,247,173,0,catalog_hits
Mahi,02h39m03.96s,+71d01m04.3s,1.0,DESI_DR8_NORTH,VizierEngine(DESI_DR8_NORTH),False,True,0,0,0,no_footprint
Mahi,02h39m03.96s,+71d01m04.3s,1.0,SDSS_DR12,VizierEngine(SDSS_DR12),False,True,262222,0,0,catalog_hits
Mahi,02h39m03.96s,+71d01m04.3s,1.0,CLUSTERS,ClusterEngine,True,True,0,0,0,footprint_empty
Chromatica,20h50m28.59s,+73d54m00.0s,0.074,NED,NedTapEngine,True,True,24,16,0,catalog_hits
Chromatica,20h50m28.59s,+73d54m00.0s,0.074,GLADE+,VizierEngine(GLADE+),True,True,296,257,0,catalog_hits
Chromatica,20h50m28.59s,+73d54m00.0s,0.074,DESI_DR8_NORTH,VizierEngine(DESI_DR8_NORTH),False,True,0,0,0,no_footprint
Chromatica,20h50m28.59s,+73d54m00.0s,0.074,SDSS_DR12,VizierEngine(SDSS_DR12),False,True,186117,0,0,catalog_hits
Chromatica,20h50m28.59s,+73d54m00.0s,0.074,CLUSTERS,ClusterEngine,True,True,0,0,0,footprint_empty
Casey,11h19m56.05s,+70d40m34.4s,0.287,NED,NedTapEngine,True,True,74,37,4,foreground
Casey,11h19m56.05s,+70d40m34.4s,0.287,GLADE+,VizierEngine(GLADE+),True,True,10487,10298,0,catalog_hits
Casey,11h19m56.05s,+70d40m34.4s,0.287,DESI_DR8_NORTH,VizierEngine(DESI_DR8_NORTH),True,True,709526,709526,1,foreground
Casey,11h19m56.05s,+70d40m34.4s,0.287,SDSS_DR12,VizierEngine(SDSS_DR12),False,True,54645,0,0,catalog_hits
Casey,11h19m56.05s,+70d40m34.4s,0.287,CLUSTERS,ClusterEngine,True,True,1,1,0,catalog_hits
Johndoeii,22h23m53.94s,+73d01m33.26s,1.0,NED,NedTapEngine,True,True,26,19,0,catalog_hits
Johndoeii,22h23m53.94s,+73d01m33.26s,1.0,GLADE+,VizierEngine(GLADE+),True,True,236,185,0,catalog_hits
Johndoeii,22h23m53.94s,+73d01m33.26s,1.0,DESI_DR8_NORTH,VizierEngine(DESI_DR8_NORTH),False,True,0,0,0,no_footprint
Johndoeii,22h23m53.94s,+73d01m33.26s,1.0,SDSS_DR12,VizierEngine(SDSS_DR12),False,True,74409,0,0,catalog_hits
Johndoeii,22h23m53.94s,+73d01m33.26s,1.0,CLUSTERS,ClusterEngine,True,True,0,0,0,footprint_empty
